Company Name,Keyword,Video ID
Previa & Fiesta,Reggaeton 2025,lnIziDXhKRQ
Symphonic Distribution,Psytrance 2025,r-9tZb5O8AI
Virgin Music Group,Amapiano 2025,JeiDuV_kYSA
EMPIRE Distribution,Amapiano 2025,d6caEKHc2E8
Genie Music Corporation,K-Pop indie,Fy5C-bzi59Q
Mound Media Inc.,K-Pop indie,YzJW3lJeZa0
GAZ,Russian Rap 2025,O_KLBafkvDo
GAZ/Haunted family,Russian Rap 2025,DD2wmclELdI
The Orchard Enterprises,Russian Rap 2025,QIHtQMD2710
Atlantic Records Russia (Distribution),Russian Rap 2025,j61QtWB1zj0
DistroKid,French Hip Hop 2025,Om_gqUBQzlI
BSB PROD,French Hip Hop 2025,80G34JKC8iE
Believe,French Hip Hop 2025,oyZGnGYglu8
Verdansk,French Hip Hop 2025,mKoxcRnuTOo
DY Music,Amapiano 2025,Lge0iomgxEo
Daredo,Gym Phonk,sQnq-lYDFmE
DANCE ALL DAY Musicvertriebs GmbH,Speedcore,21XY8Jw5VXo
iGrooveMusic,Speedcore,fk20B8x-eg4
